#,content_rating,content_score,recommendation,needs_image,dup_group,title,section,date,words,h2,q_headings,tldr,faq,sources,image_status,image_reuse,post_url,image_url,slug
1,A,100,RE-IMAGE-shared,,,Can Australian small businesses claim AI and automation as a tax deduction in FY26?,Business & Money,"June 20, 2026",2489,16,10,1,1,1,cdn,2,https://www.linkaidigital.com.au/blog/ai-automation-tax-deduction-australian-small-business-fy26,https://imagedelivery.net/bVV3LGIKkEXotkV_Bk5iLQ/linkai-systems-integration-small-business-australia-linkai-digital/public,ai-automation-tax-deduction-australian-small-business-fy26
2,A,100,RE-IMAGE-shared,,,AI hype vs practical AI: what actually works for Australian businesses right now,Get Your Time Back,"May 9, 2026",2599,10,12,1,1,1,cdn,3,https://www.linkaidigital.com.au/blog/ai-hype-vs-practical-ai-australia,https://imagedelivery.net/bVV3LGIKkEXotkV_Bk5iLQ/linkai-practical-ai-small-business-australia-linkai-digital/public,ai-hype-vs-practical-ai-australia
3,A,100,RE-IMAGE-shared; REVIEW-DUP(NO-SHOWS),,NO-SHOWS,Allied health no-shows: how missed appointments cost Australian practices thousands each year,Get Your Time Back,"June 22, 2026",1752,13,12,1,1,1,cdn,2,https://www.linkaidigital.com.au/blog/allied-health-no-shows-cost-australian-clinics,https://imagedelivery.net/bVV3LGIKkEXotkV_Bk5iLQ/linkai-reduce-no-shows-automated-reminders-australia-linkai-digital/public,allied-health-no-shows-cost-australian-clinics
4,A,100,RE-IMAGE-shared,,,How to grow your Australian service business in 2026: the complete checklist,Get More Leads,"April 23, 2026",2341,11,12,1,1,1,cdn,2,https://www.linkaidigital.com.au/blog/australian-service-business-growth-checklist-2026,https://imagedelivery.net/bVV3LGIKkEXotkV_Bk5iLQ/linkai-service-business-growth-checklist-2026-linkai-digital/public,australian-service-business-growth-checklist-2026
5,A,100,RE-IMAGE-shared,,,What we're not being told about small business support in Australia,Business & Money,"June 20, 2026",3094,13,17,1,1,1,cdn,3,https://www.linkaidigital.com.au/blog/australian-small-business-support-budget-2026-whats-missing,https://imagedelivery.net/bVV3LGIKkEXotkV_Bk5iLQ/linkai-practical-ai-small-business-australia-linkai-digital/public,australian-small-business-support-budget-2026-whats-missing
6,A,100,RE-IMAGE-shared; REVIEW-DUP(VET),,VET,How Australian vet clinics can get more clients from AI search,Get More Leads,"June 22, 2026",2025,12,9,1,1,1,cdn,3,https://www.linkaidigital.com.au/blog/australian-vet-clinics-ai-search-aeo,https://imagedelivery.net/bVV3LGIKkEXotkV_Bk5iLQ/linkai-ai-for-vet-clinics-australia-linkai-digital/public,australian-vet-clinics-ai-search-aeo
7,A,100,RE-IMAGE-shared; REVIEW-DUP(VET),,VET,"Australian vet clinics are missing calls, and losing clients they never knew called",Win More Sales,"May 20, 2026",2651,11,14,1,1,1,cdn,3,https://www.linkaidigital.com.au/blog/australian-vet-clinics-missing-calls-losing-clients,https://imagedelivery.net/bVV3LGIKkEXotkV_Bk5iLQ/linkai-ai-for-vet-clinics-australia-linkai-digital/public,australian-vet-clinics-missing-calls-losing-clients
8,A,100,RE-IMAGE-shared,,,Budget 2026-27: the five changes Australian service businesses need to act on,Business & Money,"June 20, 2026",2304,14,8,1,1,1,cdn,2,https://www.linkaidigital.com.au/blog/budget-2026-27-australian-service-business-changes,https://imagedelivery.net/bVV3LGIKkEXotkV_Bk5iLQ/linkai-service-business-growth-checklist-2026-linkai-digital/public,budget-2026-27-australian-service-business-changes
9,A,100,RE-IMAGE-shared,,,How to calculate the ROI of AI automation for your service business,Get Your Time Back,"March 17, 2026",2935,12,11,1,1,1,cdn,2,https://www.linkaidigital.com.au/blog/calculate-roi-ai-automation-service-business,https://imagedelivery.net/bVV3LGIKkEXotkV_Bk5iLQ/linkai-roi-ai-automation-australia-linkai-digital/public,calculate-roi-ai-automation-service-business
10,A,100,RE-IMAGE-shared,,,How to connect your business tools so everything works together,Get Your Time Back,"September 16, 2025",2052,11,11,1,1,1,cdn,2,https://www.linkaidigital.com.au/blog/connect-business-tools-systems-integration,https://imagedelivery.net/bVV3LGIKkEXotkV_Bk5iLQ/linkai-systems-integration-small-business-australia-linkai-digital/public,connect-business-tools-systems-integration
11,A,100,RE-IMAGE-shared,,,EOFY prepayment rule for Australian service businesses: what you can prepay before 30 June 2026,Business & Money,"June 20, 2026",2142,13,12,1,1,1,cdn,3,https://www.linkaidigital.com.au/blog/eofy-2026-prepayment-rule-australian-service-businesses,https://imagedelivery.net/bVV3LGIKkEXotkV_Bk5iLQ/linkai-practical-ai-small-business-australia-linkai-digital/public,eofy-2026-prepayment-rule-australian-service-businesses
12,A,100,RE-IMAGE-shared; REVIEW-DUP(MISSED-CALL),,MISSED-CALL,Why every missed call is lost revenue (and how to fix it),Win More Sales,"May 20, 2026",2085,9,11,1,1,1,cdn,2,https://www.linkaidigital.com.au/blog/every-missed-call-is-lost-revenue-proof,https://imagedelivery.net/bVV3LGIKkEXotkV_Bk5iLQ/linkai-missed-call-revenue-loss-australia-linkai-digital/public,every-missed-call-is-lost-revenue-proof
13,A,100,RE-IMAGE-shared; REVIEW-DUP(MISSED-CALL),,MISSED-CALL,How much revenue are missed calls actually costing your business?,Win More Sales,"April 24, 2026",2222,10,4,1,1,1,cdn,2,https://www.linkaidigital.com.au/blog/every-missed-call-loses-revenue-data,https://imagedelivery.net/bVV3LGIKkEXotkV_Bk5iLQ/linkai-missed-call-revenue-loss-australia-linkai-digital/public,every-missed-call-loses-revenue-data
14,A,100,RE-IMAGE-shared; REVIEW-DUP(QUOTE-FOLLOWUP),,QUOTE-FOLLOWUP,How to follow up quotes automatically without being pushy,Win More Sales,"May 6, 2026",2164,10,9,1,1,1,cdn,2,https://www.linkaidigital.com.au/blog/follow-up-quotes-automatically,https://imagedelivery.net/bVV3LGIKkEXotkV_Bk5iLQ/linkai-automated-quote-follow-up-australia-linkai-digital/public,follow-up-quotes-automatically
15,A,100,RE-IMAGE-shared; REVIEW-DUP(GOOGLE-REVIEWS),,GOOGLE-REVIEWS,How to get more Google reviews on autopilot,Win More Sales,"May 6, 2026",2848,12,16,1,1,1,cdn,2,https://www.linkaidigital.com.au/blog/google-reviews-autopilot-australia,https://imagedelivery.net/bVV3LGIKkEXotkV_Bk5iLQ/linkai-automate-google-reviews-australia-linkai-digital/public,google-reviews-autopilot-australia
16,A,100,RE-IMAGE-shared; REVIEW-DUP(GOOGLE-REVIEWS),,GOOGLE-REVIEWS,How to get more 5-star Google reviews without asking awkwardly,Get More Leads,"June 21, 2026",2988,18,22,1,1,1,cdn,2,https://www.linkaidigital.com.au/blog/google-reviews-templates-australian-service-businesses,https://imagedelivery.net/bVV3LGIKkEXotkV_Bk5iLQ/linkai-automate-google-reviews-australia-linkai-digital/public,google-reviews-templates-australian-service-businesses
17,A,100,RE-IMAGE-shared; REVIEW-DUP(LOCAL-SEO),,LOCAL-SEO,Local SEO for tradies: how to own 'near me' searches in your suburb,Get More Leads,"June 22, 2026",4068,19,11,1,1,1,cdn,2,https://www.linkaidigital.com.au/blog/local-seo-tradies-near-me-searches-australia,https://imagedelivery.net/bVV3LGIKkEXotkV_Bk5iLQ/linkai-local-seo-vs-seo-australia-linkai-digital/public,local-seo-tradies-near-me-searches-australia
18,A,100,RE-IMAGE-shared,,,"The permanent $20,000 instant asset write-off: what Australian service businesses can claim in FY26 and beyond",Business & Money,"June 20, 2026",2202,16,11,1,1,1,cdn,2,https://www.linkaidigital.com.au/blog/permanent-20000-instant-asset-write-off-australia-service-businesses,https://imagedelivery.net/bVV3LGIKkEXotkV_Bk5iLQ/linkai-roi-ai-automation-australia-linkai-digital/public,permanent-20000-instant-asset-write-off-australia-service-businesses
19,A,100,RE-IMAGE-shared; REVIEW-DUP(NO-SHOWS),,NO-SHOWS,How to stop no-shows from killing your calendar,Win More Sales,"May 3, 2026",1888,9,9,1,1,1,cdn,2,https://www.linkaidigital.com.au/blog/stop-no-shows-automated-reminders,https://imagedelivery.net/bVV3LGIKkEXotkV_Bk5iLQ/linkai-reduce-no-shows-automated-reminders-australia-linkai-digital/public,stop-no-shows-automated-reminders
20,A,100,RE-IMAGE-shared; REVIEW-DUP(QUOTE-FOLLOWUP),,QUOTE-FOLLOWUP,"Why tradie quotes go cold, and how to win more jobs without hiring admin staff",Get Your Time Back,"June 22, 2026",1763,14,12,1,1,1,cdn,2,https://www.linkaidigital.com.au/blog/tradie-quote-follow-up-system-australia,https://imagedelivery.net/bVV3LGIKkEXotkV_Bk5iLQ/linkai-automated-quote-follow-up-australia-linkai-digital/public,tradie-quote-follow-up-system-australia
21,A,100,RE-IMAGE-shared; REVIEW-DUP(VET),,VET,How vet clinics are using AI to handle after-hours calls,Get Your Time Back,"May 10, 2026",1675,8,8,1,1,1,cdn,3,https://www.linkaidigital.com.au/blog/vet-clinics-ai-after-hours-calls,https://imagedelivery.net/bVV3LGIKkEXotkV_Bk5iLQ/linkai-ai-for-vet-clinics-australia-linkai-digital/public,vet-clinics-ai-after-hours-calls
22,A,100,RE-IMAGE-shared; REVIEW-DUP(LOCAL-SEO),,LOCAL-SEO,What is local SEO and why does it matter more than regular SEO?,Get More Leads,"January 6, 2026",1997,9,8,1,1,1,cdn,2,https://www.linkaidigital.com.au/blog/what-is-local-seo-vs-regular-seo,https://imagedelivery.net/bVV3LGIKkEXotkV_Bk5iLQ/linkai-local-seo-vs-seo-australia-linkai-digital/public,what-is-local-seo-vs-regular-seo
23,B,70,ADD-IMAGE,Y,,"What is AI SEO, and how is it different from traditional SEO?",Get More Leads,"May 28, 2026",728,6,8,1,1,0,placeholder,1,https://www.linkaidigital.com.au/blog/what-is-ai-seo-australia,/img/blog/what-is-ai-seo-australia.webp,what-is-ai-seo-australia
24,B,70,ADD-IMAGE,Y,,AEO vs SEO: how Australian service businesses get found in AI search,Get More Leads,"May 24, 2026",619,6,4,1,1,0,placeholder,1,https://www.linkaidigital.com.au/blog/aeo-vs-seo-australian-service-businesses,/img/blog/aeo-vs-seo-australian-service-businesses.webp,aeo-vs-seo-australian-service-businesses
25,B,70,REWRITE/EXPAND; ADD-IMAGE,Y,,How AI answer engines decide which business to recommend,Get More Leads,"May 20, 2026",520,6,4,1,1,0,placeholder,1,https://www.linkaidigital.com.au/blog/how-ai-answer-engines-choose-which-business-to-recommend,/img/blog/how-ai-answer-engines-choose-which-business-to-recommend.webp,how-ai-answer-engines-choose-which-business-to-recommend
26,B,70,ADD-IMAGE,Y,,How to audit your AI search visibility (a free checklist),Get More Leads,"May 4, 2026",665,7,4,1,1,0,placeholder,1,https://www.linkaidigital.com.au/blog/ai-search-visibility-audit-checklist,/img/blog/ai-search-visibility-audit-checklist.webp,ai-search-visibility-audit-checklist
27,B,70,REWRITE/EXPAND; ADD-IMAGE,Y,,"What ""AI automation"" actually means for an Australian small business",Get Your Time Back,"April 26, 2026",570,5,4,1,1,0,placeholder,1,https://www.linkaidigital.com.au/blog/what-ai-automation-means-australian-small-business,/img/blog/what-ai-automation-means-australian-small-business.webp,what-ai-automation-means-australian-small-business
28,B,70,REWRITE/EXPAND; ADD-IMAGE,Y,,AI automation agency vs DIY: which is right for you?,Get Your Time Back,"April 22, 2026",533,5,4,1,1,0,placeholder,1,https://www.linkaidigital.com.au/blog/ai-automation-agency-vs-diy,/img/blog/ai-automation-agency-vs-diy.webp,ai-automation-agency-vs-diy
29,B,70,REWRITE/EXPAND; ADD-IMAGE,Y,,Do you need an AI consultant? Signs it’s worth it,Get Your Time Back,"April 6, 2026",501,5,4,1,1,0,placeholder,1,https://www.linkaidigital.com.au/blog/do-you-need-an-ai-consultant,/img/blog/do-you-need-an-ai-consultant.webp,do-you-need-an-ai-consultant
30,B,70,REWRITE/EXPAND; ADD-IMAGE,Y,,A digital marketing strategy template for AU service businesses,Get More Leads,"March 24, 2026",506,7,4,1,1,0,placeholder,1,https://www.linkaidigital.com.au/blog/digital-marketing-strategy-template-australia,/img/blog/digital-marketing-strategy-template-australia.webp,digital-marketing-strategy-template-australia
31,B,70,REWRITE/EXPAND; ADD-IMAGE,Y,,How much should a small business spend on marketing?,Get More Leads,"March 20, 2026",511,5,4,1,1,0,placeholder,1,https://www.linkaidigital.com.au/blog/how-much-should-small-business-spend-on-marketing,/img/blog/how-much-should-small-business-spend-on-marketing.webp,how-much-should-small-business-spend-on-marketing
32,B,70,REWRITE/EXPAND; ADD-IMAGE,Y,,DIY marketing automation: a starter setup,Get Your Time Back,"March 16, 2026",504,6,4,1,1,0,placeholder,1,https://www.linkaidigital.com.au/blog/diy-marketing-automation-starter-setup,/img/blog/diy-marketing-automation-starter-setup.webp,diy-marketing-automation-starter-setup
33,B,70,REWRITE/EXPAND; ADD-IMAGE,Y,,Signs you need a fractional CMO (not a full-time hire),Get More Leads,"March 8, 2026",543,7,4,1,1,0,placeholder,1,https://www.linkaidigital.com.au/blog/signs-you-need-a-fractional-cmo,/img/blog/signs-you-need-a-fractional-cmo.webp,signs-you-need-a-fractional-cmo
34,B,70,REWRITE/EXPAND; ADD-IMAGE,Y,,CRM setup for Australian service businesses: a plain guide,Get More Leads,"March 4, 2026",520,7,4,1,1,0,placeholder,1,https://www.linkaidigital.com.au/blog/crm-setup-australian-service-businesses,/img/blog/crm-setup-australian-service-businesses.webp,crm-setup-australian-service-businesses
35,B,70,REWRITE/EXPAND; ADD-IMAGE,Y,,AI receptionist for vet clinics: never miss an emergency call,Get More Leads,"January 19, 2026",516,5,4,1,1,0,placeholder,1,https://www.linkaidigital.com.au/blog/ai-receptionist-for-vet-clinics,/img/blog/ai-receptionist-for-vet-clinics.webp,ai-receptionist-for-vet-clinics
36,B,70,REWRITE/EXPAND; ADD-IMAGE,Y,,AI for tradies: what’s actually worth it,Get More Leads,"December 12, 2025",501,5,4,1,1,0,placeholder,1,https://www.linkaidigital.com.au/blog/ai-for-tradies-whats-actually-worth-it,/img/blog/ai-for-tradies-whats-actually-worth-it.webp,ai-for-tradies-whats-actually-worth-it
37,B,70,REWRITE/EXPAND; ADD-IMAGE,Y,,"What is an ""AI-ready"" website, and does your business need one?",Get More Leads,"November 28, 2025",517,5,4,1,1,0,placeholder,1,https://www.linkaidigital.com.au/blog/what-is-an-ai-ready-website,/img/blog/what-is-an-ai-ready-website.webp,what-is-an-ai-ready-website
38,C,60,REWRITE/EXPAND; ADD-IMAGE,Y,,"Do you need an ""AI SEO agency""? What they actually do",Get More Leads,"May 16, 2026",496,5,4,1,1,0,placeholder,1,https://www.linkaidigital.com.au/blog/do-you-need-an-ai-seo-agency,/img/blog/do-you-need-an-ai-seo-agency.webp,do-you-need-an-ai-seo-agency
39,C,60,REWRITE/EXPAND; ADD-IMAGE,Y,,AI-driven SEO for service businesses: what actually works in 2026,Get More Leads,"May 12, 2026",466,5,4,1,1,0,placeholder,1,https://www.linkaidigital.com.au/blog/ai-driven-seo-service-businesses-2026,/img/blog/ai-driven-seo-service-businesses-2026.webp,ai-driven-seo-service-businesses-2026
40,C,60,REWRITE/EXPAND; ADD-IMAGE,Y,,Will AI search reduce your Google traffic? What to do now,Get More Leads,"May 8, 2026",477,5,4,1,1,0,placeholder,1,https://www.linkaidigital.com.au/blog/will-ai-search-reduce-google-traffic-australia,/img/blog/will-ai-search-reduce-google-traffic-australia.webp,will-ai-search-reduce-google-traffic-australia
41,C,60,REWRITE/EXPAND; ADD-IMAGE,Y,,Structured content for AI search: the basics that get you quoted,Get More Leads,"April 30, 2026",466,6,4,1,1,0,placeholder,1,https://www.linkaidigital.com.au/blog/structured-content-for-ai-search-australia,/img/blog/structured-content-for-ai-search-australia.webp,structured-content-for-ai-search-australia
42,C,60,REWRITE/EXPAND; ADD-IMAGE,Y,,The first 5 things to automate in a service business,Get Your Time Back,"April 18, 2026",479,7,4,1,1,0,placeholder,1,https://www.linkaidigital.com.au/blog/first-five-things-to-automate-service-business,/img/blog/first-five-things-to-automate-service-business.webp,first-five-things-to-automate-service-business
43,C,60,REWRITE/EXPAND; ADD-IMAGE,Y,,How much does AI automation cost in Australia?,Get Your Time Back,"April 14, 2026",498,5,4,1,1,0,placeholder,1,https://www.linkaidigital.com.au/blog/how-much-does-ai-automation-cost-australia,/img/blog/how-much-does-ai-automation-cost-australia.webp,how-much-does-ai-automation-cost-australia
44,C,60,REWRITE/EXPAND; ADD-IMAGE,Y,,"AI solutions for small business: practical, not hype",Get Your Time Back,"April 10, 2026",459,5,4,1,1,0,placeholder,1,https://www.linkaidigital.com.au/blog/ai-solutions-small-business-practical-not-hype,/img/blog/ai-solutions-small-business-practical-not-hype.webp,ai-solutions-small-business-practical-not-hype
45,C,60,REWRITE/EXPAND; ADD-IMAGE,Y,,AI implementation: a 90-day roadmap for Australian SMEs,Get Your Time Back,"April 2, 2026",446,5,4,1,1,0,placeholder,1,https://www.linkaidigital.com.au/blog/ai-implementation-90-day-roadmap-australia,/img/blog/ai-implementation-90-day-roadmap-australia.webp,ai-implementation-90-day-roadmap-australia
46,C,60,REWRITE/EXPAND; ADD-IMAGE,Y,,Workflow automation examples that save real hours,Get Your Time Back,"March 28, 2026",478,6,4,1,1,0,placeholder,1,https://www.linkaidigital.com.au/blog/workflow-automation-examples-save-hours,/img/blog/workflow-automation-examples-save-hours.webp,workflow-automation-examples-save-hours
47,C,60,REWRITE/EXPAND; ADD-IMAGE,Y,,"Marketing strategy vs marketing plan, and why you need both",Get More Leads,"March 12, 2026",439,5,4,1,1,0,placeholder,1,https://www.linkaidigital.com.au/blog/marketing-strategy-vs-marketing-plan,/img/blog/marketing-strategy-vs-marketing-plan.webp,marketing-strategy-vs-marketing-plan
48,C,60,REWRITE/EXPAND; ADD-IMAGE,Y,,Automated lead generation: building a pipeline you own,Get More Leads,"February 28, 2026",475,6,4,1,1,0,placeholder,1,https://www.linkaidigital.com.au/blog/automated-lead-generation-pipeline-you-own,/img/blog/automated-lead-generation-pipeline-you-own.webp,automated-lead-generation-pipeline-you-own
49,C,60,REWRITE/EXPAND; ADD-IMAGE,Y,,The best follow-up timing for quotes (and why speed wins),Win More Sales,"February 24, 2026",454,5,4,1,1,0,placeholder,1,https://www.linkaidigital.com.au/blog/best-follow-up-timing-for-quotes,/img/blog/best-follow-up-timing-for-quotes.webp,best-follow-up-timing-for-quotes
50,C,60,REWRITE/EXPAND; ADD-IMAGE,Y,,CRM + marketing automation: how they work together,Get More Leads,"February 20, 2026",435,5,4,1,1,0,placeholder,1,https://www.linkaidigital.com.au/blog/crm-marketing-automation-how-they-work-together,/img/blog/crm-marketing-automation-how-they-work-together.webp,crm-marketing-automation-how-they-work-together
51,C,60,REWRITE/EXPAND; ADD-IMAGE,Y,,Lead capture automation: stop losing enquiries after hours,Get More Leads,"February 16, 2026",448,5,4,1,1,0,placeholder,1,https://www.linkaidigital.com.au/blog/lead-capture-automation-stop-losing-after-hours,/img/blog/lead-capture-automation-stop-losing-after-hours.webp,lead-capture-automation-stop-losing-after-hours
52,C,60,REWRITE/EXPAND; ADD-IMAGE,Y,,How to automate appointment booking from phone calls,Get Your Time Back,"February 12, 2026",452,5,4,1,1,0,placeholder,1,https://www.linkaidigital.com.au/blog/automate-appointment-booking-from-phone-calls,/img/blog/automate-appointment-booking-from-phone-calls.webp,automate-appointment-booking-from-phone-calls
53,C,60,REWRITE/EXPAND; ADD-IMAGE,Y,,Does updating your Google Business Profile improve rankings?,Get More Leads,"February 8, 2026",447,5,4,1,1,0,placeholder,1,https://www.linkaidigital.com.au/blog/does-updating-google-business-profile-improve-rankings,/img/blog/does-updating-google-business-profile-improve-rankings.webp,does-updating-google-business-profile-improve-rankings
54,C,60,REWRITE/EXPAND; ADD-IMAGE,Y,,How to recover from a Google Maps 3-Pack drop,Get More Leads,"February 4, 2026",494,7,4,1,1,0,placeholder,1,https://www.linkaidigital.com.au/blog/recover-from-google-maps-3-pack-drop,/img/blog/recover-from-google-maps-3-pack-drop.webp,recover-from-google-maps-3-pack-drop
55,C,60,REWRITE/EXPAND; ADD-IMAGE,Y,,Google Business Profile optimisation checklist for AU businesses,Get More Leads,"January 31, 2026",454,5,4,1,1,0,placeholder,1,https://www.linkaidigital.com.au/blog/google-business-profile-optimisation-checklist,/img/blog/google-business-profile-optimisation-checklist.webp,google-business-profile-optimisation-checklist
56,C,60,REWRITE/EXPAND; ADD-IMAGE,Y,,Local SEO vs Google Ads: where to spend first,Get More Leads,"January 27, 2026",445,5,4,1,1,0,placeholder,1,https://www.linkaidigital.com.au/blog/local-seo-vs-google-ads-where-to-spend-first,/img/blog/local-seo-vs-google-ads-where-to-spend-first.webp,local-seo-vs-google-ads-where-to-spend-first
57,C,60,REWRITE/EXPAND; ADD-IMAGE,Y,,"Why you’re invisible on ""near me"" searches (and the fix)",Get More Leads,"January 23, 2026",432,5,4,1,1,0,placeholder,1,https://www.linkaidigital.com.au/blog/why-invisible-on-near-me-searches,/img/blog/why-invisible-on-near-me-searches.webp,why-invisible-on-near-me-searches
58,C,60,REWRITE/EXPAND; ADD-IMAGE,Y,,AI receptionist for pet boarding & daycare,Get More Leads,"January 15, 2026",429,5,4,1,1,0,placeholder,1,https://www.linkaidigital.com.au/blog/ai-receptionist-for-pet-boarding-daycare,/img/blog/ai-receptionist-for-pet-boarding-daycare.webp,ai-receptionist-for-pet-boarding-daycare
59,C,60,REWRITE/EXPAND; ADD-IMAGE,Y,,AI receptionist for pet supply & retail,Get More Leads,"January 11, 2026",433,5,4,1,1,0,placeholder,1,https://www.linkaidigital.com.au/blog/ai-receptionist-for-pet-supply-retail,/img/blog/ai-receptionist-for-pet-supply-retail.webp,ai-receptionist-for-pet-supply-retail
60,C,60,REWRITE/EXPAND; ADD-IMAGE,Y,,AI receptionist for allied health & clinics: after-hours bookings,Get More Leads,"January 7, 2026",439,5,4,1,1,0,placeholder,1,https://www.linkaidigital.com.au/blog/ai-receptionist-allied-health-clinics-after-hours,/img/blog/ai-receptionist-allied-health-clinics-after-hours.webp,ai-receptionist-allied-health-clinics-after-hours
61,C,60,REWRITE/EXPAND; ADD-IMAGE,Y,,Database reactivation: the cheapest revenue you’re ignoring,Get More Leads,"January 3, 2026",464,5,4,1,1,0,placeholder,1,https://www.linkaidigital.com.au/blog/database-reactivation-cheapest-revenue,/img/blog/database-reactivation-cheapest-revenue.webp,database-reactivation-cheapest-revenue
62,C,60,REWRITE/EXPAND; ADD-IMAGE,Y,,Customer retention systems for service businesses,Win More Sales,"December 18, 2025",472,5,4,1,1,0,placeholder,1,https://www.linkaidigital.com.au/blog/customer-retention-systems-service-businesses,/img/blog/customer-retention-systems-service-businesses.webp,customer-retention-systems-service-businesses
63,C,60,REWRITE/EXPAND; ADD-IMAGE,Y,,How to automate a trade business without losing the personal touch,Get Your Time Back,"December 6, 2025",476,5,4,1,1,0,placeholder,1,https://www.linkaidigital.com.au/blog/automate-trade-business-without-losing-personal-touch,/img/blog/automate-trade-business-without-losing-personal-touch.webp,automate-trade-business-without-losing-personal-touch
64,C,60,REWRITE/EXPAND; ADD-IMAGE,Y,,"What is AI marketing, and what it actually means for your business",Get More Leads,"November 24, 2025",450,5,4,1,1,0,placeholder,1,https://www.linkaidigital.com.au/blog/what-is-ai-marketing-australian-businesses,/img/blog/what-is-ai-marketing-australian-businesses.webp,what-is-ai-marketing-australian-businesses
65,C,60,REWRITE/EXPAND; ADD-IMAGE,Y,,How to choose a business automation consultant (Australia),Get Your Time Back,"November 20, 2025",484,5,4,1,1,0,placeholder,1,https://www.linkaidigital.com.au/blog/how-to-choose-a-business-automation-consultant,/img/blog/how-to-choose-a-business-automation-consultant.webp,how-to-choose-a-business-automation-consultant
66,C,60,REWRITE/EXPAND; ADD-IMAGE,Y,,AI lead generation: how it actually works for service businesses,Get More Leads,"November 16, 2025",463,6,4,1,1,0,placeholder,1,https://www.linkaidigital.com.au/blog/ai-lead-generation-how-it-works-australia,/img/blog/ai-lead-generation-how-it-works-australia.webp,ai-lead-generation-how-it-works-australia
67,C,60,REWRITE/EXPAND; ADD-IMAGE,Y,,AI chatbots for websites: are they actually worth it?,Get More Leads,"November 12, 2025",449,5,4,1,1,0,placeholder,1,https://www.linkaidigital.com.au/blog/ai-chatbots-for-websites-worth-it,/img/blog/ai-chatbots-for-websites-worth-it.webp,ai-chatbots-for-websites-worth-it
68,C,60,REWRITE/EXPAND; ADD-IMAGE,Y,,CRM automation services explained (and what they include),Get Your Time Back,"November 8, 2025",439,5,4,1,1,0,placeholder,1,https://www.linkaidigital.com.au/blog/crm-automation-services-explained,/img/blog/crm-automation-services-explained.webp,crm-automation-services-explained
69,C,60,REWRITE/EXPAND; ADD-IMAGE,Y,,AI marketing for professional services firms,Get More Leads,"November 4, 2025",406,5,4,1,1,0,placeholder,1,https://www.linkaidigital.com.au/blog/ai-marketing-for-professional-services-firms,/img/blog/ai-marketing-for-professional-services-firms.webp,ai-marketing-for-professional-services-firms
70,C,60,REWRITE/EXPAND; ADD-IMAGE,Y,,AI and automation for aged care providers: where it helps,Get Your Time Back,"October 31, 2025",420,5,4,1,1,0,placeholder,1,https://www.linkaidigital.com.au/blog/ai-automation-for-aged-care-providers,/img/blog/ai-automation-for-aged-care-providers.webp,ai-automation-for-aged-care-providers
71,A,100,KEEP,,,The 30% minimum tax on discretionary trusts: what Australian service businesses need to know before 2028,Business & Money,"June 20, 2026",2229,16,12,1,1,1,cdn,1,https://www.linkaidigital.com.au/blog/30-percent-minimum-tax-discretionary-trusts-australia-service-businesses,https://imagedelivery.net/bVV3LGIKkEXotkV_Bk5iLQ/linkai-discretionary-trust-tax-linkai-digital/public,30-percent-minimum-tax-discretionary-trusts-australia-service-businesses
72,A,100,KEEP,,,7 signs your business is ready for AI automation,Get Your Time Back,"May 9, 2026",2186,12,4,1,1,1,cdn,1,https://www.linkaidigital.com.au/blog/7-signs-business-ready-ai-automation,https://imagedelivery.net/bVV3LGIKkEXotkV_Bk5iLQ/linkai-7-signs-business-ready-ai-automation-linkai-digital/public,7-signs-business-ready-ai-automation
73,A,100,KEEP,,,How Australian HVAC businesses are automating quotes and winning more jobs,Win More Sales,"April 3, 2026",1394,7,5,1,1,1,cdn,1,https://www.linkaidigital.com.au/blog/ai-hvac-quotes,https://imagedelivery.net/bVV3LGIKkEXotkV_Bk5iLQ/linkai-ai-hvac-quotes-automation-australia-linkai-digital/public,ai-hvac-quotes
74,A,100,KEEP,,,How AI qualifies your leads automatically: so you only call the right people,Get More Leads,"March 5, 2026",1784,10,11,1,1,1,cdn,1,https://www.linkaidigital.com.au/blog/ai-lead-qualification,https://imagedelivery.net/bVV3LGIKkEXotkV_Bk5iLQ/linkai-ai-lead-qualification-australia-linkai-digital/public,ai-lead-qualification
75,A,100,KEEP,,,How Australian medspas and aesthetic clinics are using AI to fill their books,Get More Leads,"April 17, 2026",1977,9,9,1,1,1,cdn,1,https://www.linkaidigital.com.au/blog/ai-medspa,https://imagedelivery.net/bVV3LGIKkEXotkV_Bk5iLQ/linkai-ai-automation-medspa-australia-linkai-digital/public,ai-medspa
76,A,100,KEEP,,,How Australian dental practices are using AI receptionists to fill their books,Get Your Time Back,"March 20, 2026",1697,8,9,1,1,1,cdn,1,https://www.linkaidigital.com.au/blog/ai-receptionist-dental,https://imagedelivery.net/bVV3LGIKkEXotkV_Bk5iLQ/linkai-ai-receptionist-dental-australia-linkai-digital/public,ai-receptionist-dental
77,A,100,KEEP,,,Is AI search replacing Google? What Australian businesses need to know,Get More Leads,"May 5, 2026",2082,10,5,1,1,1,cdn,1,https://www.linkaidigital.com.au/blog/ai-search-replacing-google-australia,https://imagedelivery.net/bVV3LGIKkEXotkV_Bk5iLQ/linkai-ai-search-replacing-google-australia-linkai-digital/public,ai-search-replacing-google-australia
78,A,100,KEEP,,,AI receptionist vs human receptionist: which is right for your business?,Get Your Time Back,"January 15, 2026",1754,7,8,1,1,1,cdn,1,https://www.linkaidigital.com.au/blog/ai-vs-human-receptionist,https://imagedelivery.net/bVV3LGIKkEXotkV_Bk5iLQ/linkai-ai-receptionist-vs-human-australia-linkai-digital/public,ai-vs-human-receptionist
79,A,100,KEEP,,,How to attract premium clients instead of price shoppers,Get More Leads,"May 5, 2026",1866,9,9,1,1,1,cdn,1,https://www.linkaidigital.com.au/blog/attract-premium-clients-not-price-shoppers,https://imagedelivery.net/bVV3LGIKkEXotkV_Bk5iLQ/linkai-attract-premium-clients-australia-linkai-digital/public,attract-premium-clients-not-price-shoppers
80,A,100,KEEP,,,How to automate your entire booking system in 7 days,Get Your Time Back,"May 2, 2026",2028,9,11,1,1,1,cdn,1,https://www.linkaidigital.com.au/blog/automate-booking-system-7-days,https://imagedelivery.net/bVV3LGIKkEXotkV_Bk5iLQ/linkai-automated-booking-system-australia-linkai-digital/public,automate-booking-system-7-days
81,A,100,KEEP,,,How to automate your invoicing and get paid faster,Get Your Time Back,"February 18, 2026",1640,8,9,1,1,1,cdn,1,https://www.linkaidigital.com.au/blog/automated-invoicing,https://imagedelivery.net/bVV3LGIKkEXotkV_Bk5iLQ/linkai-automated-invoicing-australia-linkai-digital/public,automated-invoicing
82,A,100,KEEP,,,Why builders and contractors lose more jobs than almost any other trade,Win More Sales,"March 25, 2026",1927,9,10,1,1,1,cdn,1,https://www.linkaidigital.com.au/blog/builders-contractors-lose-jobs,https://imagedelivery.net/bVV3LGIKkEXotkV_Bk5iLQ/linkai-marketing-automation-builders-australia-linkai-digital/public,builders-contractors-lose-jobs
83,A,100,KEEP,,,Content marketing for tradies: does it actually work?,Get More Leads,"April 15, 2026",2021,9,6,1,1,1,cdn,1,https://www.linkaidigital.com.au/blog/content-marketing-tradies-does-it-work,https://imagedelivery.net/bVV3LGIKkEXotkV_Bk5iLQ/linkai-content-marketing-tradies-australia-linkai-digital/public,content-marketing-tradies-does-it-work
84,A,100,KEEP,,,How to build a content strategy that brings in leads on autopilot,Get More Leads,"January 20, 2026",1921,9,3,1,1,1,cdn,1,https://www.linkaidigital.com.au/blog/content-strategy-leads-autopilot,https://imagedelivery.net/bVV3LGIKkEXotkV_Bk5iLQ/linkai-content-marketing-leads-autopilot-australia-linkai-digital/public,content-strategy-leads-autopilot
85,A,100,KEEP,,,CRM vs spreadsheets: why Australian service businesses make the switch,Get Your Time Back,"May 2, 2026",2247,9,8,1,1,1,cdn,1,https://www.linkaidigital.com.au/blog/crm-vs-spreadsheets-australia,https://imagedelivery.net/bVV3LGIKkEXotkV_Bk5iLQ/linkai-crm-vs-spreadsheets-australia-linkai-digital/public,crm-vs-spreadsheets-australia
86,A,100,KEEP,,,How Australian service businesses cut hours of admin every week,Get Your Time Back,"June 22, 2026",2675,10,15,1,1,1,cdn,1,https://www.linkaidigital.com.au/blog/cut-admin-time-australian-service-businesses,https://imagedelivery.net/bVV3LGIKkEXotkV_Bk5iLQ/linkai-cut-admin-time-service-business-australia-linkai-digital/public,cut-admin-time-australian-service-businesses
87,A,100,KEEP,,,How dental practices are reducing no-shows and filling last-minute gaps,Win More Sales,"December 16, 2025",2393,10,9,1,1,1,cdn,1,https://www.linkaidigital.com.au/blog/dental-reduce-no-shows-fill-gaps,https://imagedelivery.net/bVV3LGIKkEXotkV_Bk5iLQ/linkai-reduce-dental-no-shows-australia-linkai-digital/public,dental-reduce-no-shows-fill-gaps
88,A,100,KEEP,,,What digital transformation actually means for a small business,Get Your Time Back,"March 3, 2026",2150,10,10,1,1,1,cdn,1,https://www.linkaidigital.com.au/blog/digital-transformation-small-business-australia,https://imagedelivery.net/bVV3LGIKkEXotkV_Bk5iLQ/linkai-digital-transformation-small-business-australia-linkai-digital/public,digital-transformation-small-business-australia
89,A,100,KEEP,,,Electricians missing calls? How to automate enquiries,Get Your Time Back,"April 24, 2026",2272,11,11,1,1,1,cdn,1,https://www.linkaidigital.com.au/blog/electricians-missing-calls-automate-enquiries,https://imagedelivery.net/bVV3LGIKkEXotkV_Bk5iLQ/linkai-electrician-missed-calls-automation-australia-linkai-digital/public,electricians-missing-calls-automate-enquiries
90,A,100,KEEP,,,Does email marketing work for tradies? How to turn past clients into repeat revenue,Win More Sales,"May 7, 2026",2671,10,9,1,1,1,cdn,1,https://www.linkaidigital.com.au/blog/email-marketing-tradies-repeat-revenue,https://imagedelivery.net/bVV3LGIKkEXotkV_Bk5iLQ/linkai-email-marketing-tradies-australia-linkai-digital/public,email-marketing-tradies-repeat-revenue
91,A,100,KEEP,,,"How to get found in ChatGPT, Perplexity, and AI search",Get More Leads,"April 20, 2026",1993,8,9,1,1,1,cdn,1,https://www.linkaidigital.com.au/blog/get-found-chatgpt-perplexity-ai-search,https://imagedelivery.net/bVV3LGIKkEXotkV_Bk5iLQ/linkai-get-found-ai-search-australia-linkai-digital/public,get-found-chatgpt-perplexity-ai-search
92,A,100,KEEP,,,Why aren't your Google Ads working? The real reasons and how to fix them,Get More Leads,"February 3, 2026",2137,10,5,1,1,1,cdn,1,https://www.linkaidigital.com.au/blog/google-ads-not-working-fix,https://imagedelivery.net/bVV3LGIKkEXotkV_Bk5iLQ/linkai-google-ads-not-working-australia-linkai-digital/public,google-ads-not-working-fix
93,A,100,KEEP,,,How Google Ads work for tradies (and how to stop wasting budget),Get More Leads,"May 4, 2026",2323,9,10,1,1,1,cdn,1,https://www.linkaidigital.com.au/blog/google-ads-tradies-australia,https://imagedelivery.net/bVV3LGIKkEXotkV_Bk5iLQ/linkai-google-ads-tradies-australia-linkai-digital/public,google-ads-tradies-australia
94,A,100,KEEP,,,Google Business Profile optimisation: the complete guide for Australian service businesses,Get More Leads,"May 3, 2026",2090,9,11,1,1,1,cdn,1,https://www.linkaidigital.com.au/blog/google-business-profile-optimisation-australia,https://imagedelivery.net/bVV3LGIKkEXotkV_Bk5iLQ/linkai-google-business-profile-optimisation-australia-linkai-digital/public,google-business-profile-optimisation-australia
95,A,100,KEEP,,,How to get into the Google Maps 3-pack in your suburb,Get More Leads,"May 4, 2026",2038,9,10,1,1,1,cdn,1,https://www.linkaidigital.com.au/blog/google-maps-3-pack-australia,https://imagedelivery.net/bVV3LGIKkEXotkV_Bk5iLQ/linkai-google-maps-3-pack-australia-linkai-digital/public,google-maps-3-pack-australia
96,A,100,KEEP,,,Government AI support for Australian small businesses: what is actually in Budget 2026-27,Business & Money,"June 20, 2026",2752,13,8,1,1,1,cdn,1,https://www.linkaidigital.com.au/blog/government-ai-support-australian-small-business-2026-27,https://imagedelivery.net/bVV3LGIKkEXotkV_Bk5iLQ/linkai-government-ai-support-linkai-digital/public,government-ai-support-australian-small-business-2026-27
97,A,100,KEEP,,,What does manual admin actually cost Australian tradies?,Get Your Time Back,"May 1, 2026",2283,9,6,1,1,1,cdn,1,https://www.linkaidigital.com.au/blog/hidden-cost-manual-admin-tradies,https://imagedelivery.net/bVV3LGIKkEXotkV_Bk5iLQ/linkai-reduce-admin-time-tradie-australia-linkai-digital/public,hidden-cost-manual-admin-tradies
98,A,100,KEEP,,,How to automate your service business (and get your time back),Get Your Time Back,"May 20, 2026",2140,10,13,1,1,1,cdn,1,https://www.linkaidigital.com.au/blog/how-to-automate-your-service-business,https://imagedelivery.net/bVV3LGIKkEXotkV_Bk5iLQ/linkai-automate-service-business-australia-linkai-digital/public,how-to-automate-your-service-business
99,A,100,KEEP,,,What's the best loyalty program for local Australian service businesses?,Win More Sales,"April 1, 2026",1875,8,8,1,1,1,cdn,1,https://www.linkaidigital.com.au/blog/loyalty-program-local-service-businesses,https://imagedelivery.net/bVV3LGIKkEXotkV_Bk5iLQ/linkai-client-loyalty-program-service-business-australia-linkai-digital/public,loyalty-program-local-service-businesses
100,A,100,KEEP,,,How physio and allied health practices fill their books with local SEO,Get More Leads,"October 14, 2025",2553,9,9,1,1,1,cdn,1,https://www.linkaidigital.com.au/blog/physio-chiro-local-seo-bookings,https://imagedelivery.net/bVV3LGIKkEXotkV_Bk5iLQ/linkai-local-seo-physio-australia-linkai-digital/public,physio-chiro-local-seo-bookings
101,A,100,KEEP,,,How professional services firms are using AI to win more clients,Get More Leads,"February 17, 2026",2177,9,11,1,1,1,cdn,1,https://www.linkaidigital.com.au/blog/professional-services-ai-win-clients,https://imagedelivery.net/bVV3LGIKkEXotkV_Bk5iLQ/linkai-ai-automation-professional-services-australia-linkai-digital/public,professional-services-ai-win-clients
102,A,100,KEEP,,,Quote-to-job system: how to stop approved quotes falling through the cracks,Get Your Time Back,"June 22, 2026",2536,12,17,1,1,1,cdn,1,https://www.linkaidigital.com.au/blog/quote-to-job-system-australian-service-businesses,https://imagedelivery.net/bVV3LGIKkEXotkV_Bk5iLQ/linkai-quote-to-job-sync-linkai-digital/public,quote-to-job-system-australian-service-businesses
103,A,100,KEEP,,,How to reactivate past clients with automated campaigns,Win More Sales,"May 7, 2026",2365,11,10,1,1,1,cdn,1,https://www.linkaidigital.com.au/blog/reactivate-past-clients-automated-campaigns,https://imagedelivery.net/bVV3LGIKkEXotkV_Bk5iLQ/linkai-reactivate-past-clients-australia-linkai-digital/public,reactivate-past-clients-automated-campaigns
104,A,100,KEEP,,,Receipt and expense system for Australian small businesses: stop the Saturday morning receipt pile,Get Your Time Back,"June 22, 2026",2819,12,16,1,1,1,cdn,1,https://www.linkaidigital.com.au/blog/receipt-expense-system-australian-small-business,https://imagedelivery.net/bVV3LGIKkEXotkV_Bk5iLQ/linkai-receipt-expense-automation-linkai-digital/public,receipt-expense-system-australian-small-business
105,A,100,KEEP,,,How to build a referral system that generates leads on autopilot,Win More Sales,"May 8, 2026",2416,10,6,1,1,1,cdn,1,https://www.linkaidigital.com.au/blog/referral-system-leads-autopilot,https://imagedelivery.net/bVV3LGIKkEXotkV_Bk5iLQ/linkai-automated-referral-system-australia-linkai-digital/public,referral-system-leads-autopilot
106,A,100,KEEP,,,How should Australian service businesses handle online reputation management?,Win More Sales,"November 3, 2025",2909,10,11,1,1,1,cdn,1,https://www.linkaidigital.com.au/blog/reputation-management-guide-australia,https://imagedelivery.net/bVV3LGIKkEXotkV_Bk5iLQ/linkai-reputation-management-service-business-australia-linkai-digital/public,reputation-management-guide-australia
107,A,100,KEEP,,,What should a service business post on social media when you have no time?,Get More Leads,"December 2, 2025",1987,9,9,1,1,1,cdn,1,https://www.linkaidigital.com.au/blog/social-media-service-businesses-what-to-post,https://imagedelivery.net/bVV3LGIKkEXotkV_Bk5iLQ/linkai-social-media-service-businesses-australia-linkai-digital/public,social-media-service-businesses-what-to-post
108,A,100,KEEP,,,How to systematise invoice follow-up for Australian service businesses: without a bookkeeper,Get Your Time Back,"June 22, 2026",2723,12,15,1,1,1,cdn,1,https://www.linkaidigital.com.au/blog/systematise-invoice-follow-up-australian-service-businesses,https://imagedelivery.net/bVV3LGIKkEXotkV_Bk5iLQ/linkai-invoice-chasing-payment-reminder-linkai-digital/public,systematise-invoice-follow-up-australian-service-businesses
109,A,100,KEEP,,,Tax loss carry back for Australian service businesses: how to claim refunds from previous tax years,Business & Money,"June 20, 2026",2335,17,10,1,1,1,cdn,1,https://www.linkaidigital.com.au/blog/tax-loss-carry-back-australian-service-businesses,https://imagedelivery.net/bVV3LGIKkEXotkV_Bk5iLQ/linkai-tax-loss-carry-back-linkai-digital/public,tax-loss-carry-back-australian-service-businesses
110,A,100,KEEP,,,The complete guide to marketing automation for Australian tradies,Get Your Time Back,"May 10, 2026",2605,8,10,1,1,1,cdn,1,https://www.linkaidigital.com.au/blog/tradies-complete-guide-marketing-automation,https://imagedelivery.net/bVV3LGIKkEXotkV_Bk5iLQ/linkai-marketing-automation-tradies-australia-linkai-digital/public,tradies-complete-guide-marketing-automation
111,A,100,KEEP,,,Why your website isn't generating leads (and how to fix it),Get More Leads,"October 1, 2025",2372,9,8,1,1,1,cdn,1,https://www.linkaidigital.com.au/blog/website-not-generating-leads-fix,https://imagedelivery.net/bVV3LGIKkEXotkV_Bk5iLQ/linkai-website-not-generating-leads-australia-linkai-digital/public,website-not-generating-leads-fix
112,A,100,KEEP,,,What is an AI audit and does your business need one?,Get Your Time Back,"May 8, 2026",2097,9,9,1,1,1,cdn,1,https://www.linkaidigital.com.au/blog/what-is-ai-audit-business,https://imagedelivery.net/bVV3LGIKkEXotkV_Bk5iLQ/linkai-ai-audit-business-australia-linkai-digital/public,what-is-ai-audit-business
113,A,100,KEEP,,,What is an AI team and why does your business need one?,Get Your Time Back,"May 1, 2026",1920,11,11,1,1,1,cdn,1,https://www.linkaidigital.com.au/blog/what-is-an-ai-team,https://imagedelivery.net/bVV3LGIKkEXotkV_Bk5iLQ/linkai-ai-team-small-business-australia-linkai-digital/public,what-is-an-ai-team
114,A,100,KEEP,,,What is marketing automation? A plain English guide for Australian service businesses,Get Your Time Back,"September 2, 2025",2322,9,11,1,1,1,cdn,1,https://www.linkaidigital.com.au/blog/what-is-marketing-automation-plain-english,https://imagedelivery.net/bVV3LGIKkEXotkV_Bk5iLQ/linkai-what-is-marketing-automation-australia-linkai-digital/public,what-is-marketing-automation-plain-english
115,A,100,KEEP,,,Why your leads go to competitors (and how to stop it),Win More Sales,"February 3, 2026",1783,8,9,1,1,1,cdn,1,https://www.linkaidigital.com.au/blog/why-50-percent-leads-go-to-competitors,https://imagedelivery.net/bVV3LGIKkEXotkV_Bk5iLQ/linkai-leads-going-to-competitors-australia-linkai-digital/public,why-50-percent-leads-go-to-competitors
116,A,100,KEEP,,,Why you keep getting cheap leads (and how to fix it),Get More Leads,"April 24, 2026",2142,9,8,1,1,1,cdn,1,https://www.linkaidigital.com.au/blog/why-you-keep-getting-cheap-leads,https://imagedelivery.net/bVV3LGIKkEXotkV_Bk5iLQ/linkai-stop-getting-cheap-leads-australia-linkai-digital/public,why-you-keep-getting-cheap-leads
117,A,100,KEEP,,,How to win back lapsed clients with automated campaigns,Win More Sales,"April 8, 2026",2269,9,9,1,1,1,cdn,1,https://www.linkaidigital.com.au/blog/win-back-past-clients-automated,https://imagedelivery.net/bVV3LGIKkEXotkV_Bk5iLQ/linkai-win-back-lapsed-clients-australia-linkai-digital/public,win-back-past-clients-automated
118,A,100,KEEP,,,How to win more jobs from Google without paying for ads,Get More Leads,"November 18, 2025",1911,8,9,1,1,1,cdn,1,https://www.linkaidigital.com.au/blog/win-more-jobs-google-without-ads,https://imagedelivery.net/bVV3LGIKkEXotkV_Bk5iLQ/linkai-win-more-jobs-google-australia-linkai-digital/public,win-more-jobs-google-without-ads
